Date,Price_Bitcoin
2024-09,63785.09
2024-08,58954.67
2024-07,64559.96
2024-06,61904.96
2024-05,67630.41
2024-04,59868.89
2024-03,70845.76
2024-02,61430.64
2024-01,42458.43
2023-12,42507.9
2023-11,37750.77
2023-10,34650.56
2023-09,27072.54
2023-08,26013.12
2023-07,29206.8
2023-06,30390.91
2023-05,27117.1
2023-04,29347.96
2023-03,28395.3
2023-02,23146.88
2023-01,22950.56
2022-12,16539.5
2022-11,17104.5
2022-10,20405.66
2022-09,19425.13
2022-08,20196.67
2022-07,23807.28
2022-06,18731.3
2022-05,31788.28
2022-04,38334.7
2022-03,45767.58
2022-02,41654.97
2022-01,38437.84
2021-12,46333.65
2021-11,57138.67
2021-10,60975.98
2021-09,43436.35
2021-08,47008.53
2021-07,41540.22
2021-06,34585
2021-05,36690.89
2021-04,56814.44
2021-03,58960.2
2021-02,45248.24
2021-01,32601.26
2020-12,28996.28
2020-11,19378.61
2020-10,13850.1
2020-09,10706.95
2020-08,11678.6
2020-07,11345.63
2020-06,9147.09
2020-05,9505.38
2020-04,8826.56
2020-03,6481.37
2020-02,8633.36
2020-01,9354.29
2019-12,7158.27
2019-11,7710.34
2019-10,9189.42
2019-09,8240.9
2019-08,9626.18
2019-07,10026.61
2019-06,11392.98
2019-05,8503.38
2019-04,5237.87
2019-03,4092.97
2019-02,3802.53
2019-01,3417.04
2018-12,3674.18
2018-11,3930.38
2018-10,6302.4
2018-09,6561.3
2018-08,7044.6
2018-07,7689.43
2018-06,5899.64
2018-05,7538.28
2018-04,9272.7
2018-03,6852.51
2018-02,10538.02
2018-01,9962.31
2024-06,68083.66
2024-06,67280.16
2024-06,69608.6
2024-06,69682.9
2024-06,69371.48
2024-06,69270.57
2024-06,70688.73
2024-06,71216.04
2024-06,70422.79
2024-06,69097.7
2024-06,67794.98
2024-06,67742.95
2024-05,67630.41
2024-05,68469.51
2024-05,67410.37
2024-05,68241.51
2024-05,69590.89
2024-05,68683.35
2024-05,69096.85
2024-05,68849.43
2024-05,67753.41
2024-05,69411.32
2024-05,69711.51
2024-05,69522.56
2024-05,66156.45
2024-05,66991.2
2024-05,66926.64
2024-05,65279.32
2024-05,65981.66
2024-05,61579.46
2024-05,63089.33
2024-05,61272.65
2024-05,60996.96
2024-05,60501.2
2024-05,62633.68
2024-05,61568.87
2024-05,62973.05
2024-05,63301.55
2024-05,63746
2024-05,63880.21
2024-05,62928.89
2024-05,58743.14
2024-05,57293.55
2024-04,59868.89
2024-04,62943.49
2024-04,63663.05
2024-04,63233.89
2024-04,63939.27
2024-04,64796.69
2024-04,64049.7
2024-04,66353.7
2024-04,66538.41
2024-04,64657.01
2024-04,64756.57
2024-04,64071.26
2024-04,63528.51
2024-04,60855.27
2024-04,63039.97
2024-04,63152.49
2024-04,63863.84
2024-04,61967.01
2024-04,67127.64
2024-04,70509.59
2024-04,69807.51
2024-04,69127.2
2024-04,71706.37
2024-04,69318.14
2024-04,68409.01
2024-04,67660.41
2024-04,67948.37
2024-04,65742.2
2024-04,65702.14
2024-04,69767.89
2024-03,70845.76
2024-03,69857.12
2024-03,69654.16
2024-03,70712.89
2024-03,68862.16
2024-03,69825.01
2024-03,70959.89
2024-03,66153.2
2024-03,65011.85
2024-03,63509.03
2024-03,65466.78
2024-03,67078.54
2024-03,63749.51
2024-03,67352.39
2024-03,68271.21
2024-03,67096.54
2024-03,67859.14
2024-03,70681.39
2024-03,73157.29
2024-03,71063.39
2024-03,72115.85
2024-03,69430.41
2024-03,68532.1
2024-03,68398.85
2024-03,67332.89
2024-03,66481.26
2024-03,63330.43
2024-03,67494.73
2024-03,62855.02
2024-03,61971.26
2024-03,62589.24
2024-02,61430.64
2024-02,60550.68
2024-02,56731.14
2024-02,54656.39
2024-02,51769.03
2024-02,51561.02
2024-02,50981.2
2024-02,51650.63
2024-02,51388.56
2024-02,52037.65
2024-02,51906.55
2024-02,51872.49
2024-02,51808.28
2024-02,52016.4
2024-02,51371.31
2024-02,51772.71
2024-02,49563.06
2024-02,49843.24
2024-02,48133.2
2024-02,47954.54
2024-02,47547.04
2024-02,45331.74
2024-02,44188.33
2024-02,43163.65
2024-02,42342.38
2024-02,42759.88
2024-02,43028.9
2024-02,42979.38
2024-02,43085.26
2024-01,42458.43
2024-01,43547.31
2024-01,43185.4
2024-01,41971.79
2024-01,42151.09
2024-01,41994.36
2024-01,39904.41
2024-01,39765.38
2024-01,39201.77
2024-01,39815.45
2024-01,41760.99
2024-01,41702.95
2024-01,41602.18
2024-01,41069.92
2024-01,42637.06
2024-01,43434.42
2024-01,42687.31
2024-01,42516.04
2024-01,42962.51
2024-01,43426.6
2024-01,46163.13
2024-01,45945.61
2024-01,45427.01
2024-01,47114.68
2024-01,44258.51
2024-01,43921.45
2024-01,43970.52
2024-01,44488.33
2024-01,42938.06
2024-01,45127.01
2024-01,43628.4
2023-12,42507.9
2023-12,42303.24
2023-12,41935.34
2023-12,42472.51
2023-12,43395.74
2023-12,42340.74
2023-12,43531.11
2023-12,43529.13
2023-12,43803.74
2023-12,43747.1
2023-12,44004.47
2023-12,43449.76
2023-12,42495.81
2023-12,42614.99
2023-12,41881.9
2023-12,42270.56
2023-12,42240.95
2023-12,42994.83
2023-12,42993.29
2023-12,41088.75
2023-12,41182
2023-12,43803.24
2023-12,43986.01
2023-12,44554.76
2023-12,43390.95
2023-12,43822.33
2023-12,43900.51
2023-12,42036.51
2023-12,39727.65
2023-12,39581.59
2023-12,38796.61
2023-11,37750.77
2023-11,37737
2023-11,37967.5
2023-11,37032.56
2023-11,37627.25
2023-11,37813.68
2023-11,37858.25
2023-11,37253.9
2023-11,37625
2023-11,36841.04
2023-11,37426.45
2023-11,37007.99
2023-11,36566.59
2023-11,36418.61
2023-11,35965.5
2023-11,37647.84
2023-11,35585.81
2023-11,36493.45
2023-11,37182.61
2023-11,36988
2023-11,37292.81
2023-11,36541.56
2023-11,35593.56
2023-11,35501.52
2023-11,35030.04
2023-11,34682.13
2023-11,34780.72
2023-11,34621.06
2023-11,34917.45
2023-11,35455.73
2023-10,34650.56
2023-10,34439.91
2023-10,34590.86
2023-10,34135.43
2023-10,33836.54
2023-10,34191.55
2023-10,34680.57
2023-10,33651.38
2023-10,31537.58
2023-10,29860.75
2023-10,30028.03
2023-10,29601
2023-10,28728.04
2023-10,28260
2023-10,28459.42
2023-10,28405.38
2023-10,27206.04
2023-10,26850.06
2023-10,26976.51
2023-10,26737.69
2023-10,26717.11
2023-10,27405.48
2023-10,27576.46
2023-10,27923.41
2023-10,27937.45
2023-10,27995.25
2023-10,27479
2023-10,27659.68
2023-10,27396.6
2023-10,27842.16
2023-10,27114.69
2023-09,27072.54
2023-09,26903.18
2023-09,27089.32
2023-09,26238.72
2023-09,26148.13
2023-09,26289.25
2023-09,26505.46
2023-09,26596.24
2023-09,26537.68
2023-09,26601.66
2023-09,27094.68
2023-09,27192
2023-09,26774.69
2023-09,26446.9
2023-09,26540.38
2023-09,26418.35
2023-09,26578.75
2023-09,26225.8
2023-09,26074.38
2023-09,25087.36
2023-09,25818.2
2023-09,25864.03
2023-09,25902
2023-09,26002
2023-09,25669.79
2023-09,25705.85
2023-09,25828.28
2023-09,26045.85
2023-09,25849.6
2023-09,25759.54
2023-08,26013.12
2023-08,27253.38
2023-08,27579.74
2023-08,25981.81
2023-08,26083.84
2023-08,26024.25
2023-08,26048.87
2023-08,26016.62
2023-08,26591.76
2023-08,25856.99
2023-08,26109.71
2023-08,26233.05
2023-08,26059.87
2023-08,26071.78
2023-08,27642
2023-08,28940.39
2023-08,29171.58
2023-08,29366.8
2023-08,29403.99
2023-08,29410.47
2023-08,29387.01
2023-08,29421.05
2023-08,29483.38
2023-08,29984.24
2023-08,29159.17
2023-08,29095.63
2023-08,29032.77
2023-08,28937.67
2023-08,29284.99
2023-08,29119.79
2023-08,29212.88
2023-07,29206.8
2023-07,29271.19
2023-07,29356.5
2023-07,29342.44
2023-07,29143.93
2023-07,29589.43
2023-07,29229.74
2023-07,29145.13
2023-07,30144.88
2023-07,29833.35
2023-07,29883.66
2023-07,29737.02
2023-07,29966.89
2023-07,29784.08
2023-07,29931.93
2023-07,30287.41
2023-07,30314.36
2023-07,30206
2023-07,31386
2023-07,30351.84
2023-07,30578.75
2023-07,30785.96
2023-07,30201.16
2023-07,30163.19
2023-07,30272.41
2023-07,30315.91
2023-07,30470.54
2023-07,30807.48
2023-07,31128.76
2023-07,30592.26
2023-07,30592.81
2023-06,30390.91
2023-06,30400.46
2023-06,30104.08
2023-06,30655.23
2023-06,30163.13
2023-06,30383.36
2023-06,30523.34
2023-06,30928.74
2023-06,30157.31
2023-06,29985.4
2023-06,28169.64
2023-06,26718.39
2023-06,26472
2023-06,26534.66
2023-06,26394.71
2023-06,25547.99
2023-06,24928.57
2023-06,25849.13
2023-06,25895
2023-06,26135.88
2023-06,25767.85
2023-06,26444.43
2023-06,26645.5
2023-06,26363.47
2023-06,26945.16
2023-06,25641.7
2023-06,27249.75
2023-06,27071.27
2023-06,27183.62
2023-06,26868.32
2023-05,27117.1
2023-05,27772.51
2023-05,27693.13
2023-05,27564.04
2023-05,26760.83
2023-05,26759.28
2023-05,26490.2
2023-05,26401.81
2023-05,27223.3
2023-05,26899.28
2023-05,26851.07
2023-05,27024.24
2023-05,26839.54
2023-05,26726.05
2023-05,27337.78
2023-05,26956.57
2023-05,27354.85
2023-05,26952.65
2023-05,26918.96
2023-05,26447.7
2023-05,27009.45
2023-05,27875.64
2023-05,27659.74
2023-05,27562.71
2023-05,28953.02
2023-05,28851.54
2023-05,29524.75
2023-05,28884.06
2023-05,28528.95
2023-05,28695.82
2023-05,27683.13
2023-04,29347.96
2023-04,29242.06
2023-04,29354.75
2023-04,29633.43
2023-04,28417.5
2023-04,27979.6
2023-04,27460.55
2023-04,27508.33
2023-04,27645.8
2023-04,27272.1
2023-04,28203.91
2023-04,29249.26
2023-04,30422
2023-04,29459.36
2023-04,30361
2023-04,30312.22
2023-04,30470.31
2023-04,30285.33
2023-04,29968.01
2023-04,30192.1
2023-04,29142.36
2023-04,28136.46
2023-04,27932.43
2023-04,27890.37
2023-04,27992.29
2023-04,28157.09
2023-04,28257.1
2023-04,27588.08
2023-04,28076.92
2023-04,28463.77
2023-03,28395.3
2023-03,28152.28
2023-03,28393
2023-03,27313.73
2023-03,27048.29
2023-03,27806.41
2023-03,27384.45
2023-03,27618.28
2023-03,28333
2023-03,27392.32
2023-03,28154.56
2023-03,28082.46
2023-03,27974.84
2023-03,27409.3
2023-03,26823.38
2023-03,24753.63
2023-03,24391.4
2023-03,24636.25
2023-03,24234.19
2023-03,21491.18
2023-03,20503.75
2023-03,20101.78
2023-03,20226.09
2023-03,22006.5
2023-03,22055.35
2023-03,22408.87
2023-03,22485.95
2023-03,22216.8
2023-03,22242.64
2023-03,23415.5
2023-03,23558.34
2023-02,23146.88
2023-02,23384.87
2023-02,23560.84
2023-02,22940.51
2023-02,23101.79
2023-02,23878.02
2023-02,23805.88
2023-02,24199.85
2023-02,24769.17
2023-02,24546.64
2023-02,24621.25
2023-02,24487.25
2023-02,24535.46
2023-02,24179.13
2023-02,22252.63
2023-02,21630.92
2023-02,21741.45
2023-02,21828.1
2023-02,21540.9
2023-02,21857.43
2023-02,22959.05
2023-02,23199.48
2023-02,22916.21
2023-02,22903.12
2023-02,23417.15
2023-02,23383.51
2023-02,23460.05
2023-02,23682.05
2023-01,22950.56
2023-01,22747.14
2023-01,23797.16
2023-01,23008.03
2023-01,23092
2023-01,23080.96
2023-01,23598.24
2023-01,22904.83
2023-01,22998.16
2023-01,22591.84
2023-01,23204.05
2023-01,22318.24
2023-01,20939.64
2023-01,20778.65
2023-01,21316.08
2023-01,21133.18
2023-01,20906.28
2023-01,20903.7
2023-01,19813.55
2023-01,18830.98
2023-01,17560.6
2023-01,17466.71
2023-01,17181.34
2023-01,16956.66
2023-01,16938.55
2023-01,16927.86
2023-01,16844.62
2023-01,16821.82
2023-01,16661.86
2023-01,16750.94
2023-01,16602.63
2022-12,16539.5
2022-12,16579.06
2022-12,16593.4
2022-12,16517.32
2022-12,16692.55
2022-12,16833.01
2022-12,16830.25
2022-12,16829.82
2022-12,16811.33
2022-12,16792.25
2022-12,16793.1
2022-12,16881.54
2022-12,16586.82
2022-12,16753.05
2022-12,16718.5
2022-12,16837.95
2022-12,17399.63
2022-12,17828.9
2022-12,17762
2022-12,17177.78
2022-12,17115.37
2022-12,17129.35
2022-12,17113.29
2022-12,17184.1
2022-12,16830.68
2022-12,16994.34
2022-12,16972.24
2022-12,17114.59
2022-12,16950.39
2022-12,17014.59
2022-12,16929.96
2022-11,17104.5
2022-11,16460.7
2022-11,16196.39
2022-11,16571.89
2022-11,16509.39
2022-11,16497.05
2022-11,16543.55
2022-11,16471.9
2022-11,16130.03
2022-11,15631.95
2022-11,16253.33
2022-11,16660.59
2022-11,16637.36
2022-11,16680.76
2022-11,16531.47
2022-11,16890.18
2022-11,16385.41
2022-11,16365.81
2022-11,16793.47
2022-11,16757.37
2022-11,17807.64
2022-11,15731.3
2022-11,18698.63
2022-11,20683.87
2022-11,21128.93
2022-11,21355.89
2022-11,21135.44
2022-11,20238.8
2022-11,20175.79
2022-11,20479.4
2022-10,20405.66
2022-10,20689.77
2022-10,20864.33
2022-10,20635.82
2022-10,20399.52
2022-10,20752.38
2022-10,20189.29
2022-10,19382.19
2022-10,19497.58
2022-10,19219.63
2022-10,19181.79
2022-10,19030.39
2022-10,19196.47
2022-10,19367.71
2022-10,19529.38
2022-10,19332.84
2022-10,19097.54
2022-10,19177.31
2022-10,19386.99
2022-10,19169.43
2022-10,19019.1
2022-10,19241.2
2022-10,19485.5
2022-10,19456.38
2022-10,19551.56
2022-10,20051.13
2022-10,19988.42
2022-10,20340.91
2022-10,19597.13
2022-10,19234.63
2022-10,19252.71
2022-09,19425.13
2022-09,19508.14
2022-09,19567.79
2022-09,19072.71
2022-09,19113.38
2022-09,18903.75
2022-09,19144.41
2022-09,18852.06
2022-09,19247.72
2022-09,18926.45
2022-09,18974.31
2022-09,19522.21
2022-09,19721.88
2022-09,20080.05
2022-09,19751.07
2022-09,19852.49
2022-09,19946.38
2022-09,20240.4
2022-09,22409.58
2022-09,21641.25
2022-09,21431.35
2022-09,21300.3
2022-09,19379.74
2022-09,19387.15
2022-09,18978.5
2022-09,19742.13
2022-09,19901.9
2022-09,19743.94
2022-09,19969.21
2022-09,20071.34
2022-08,20196.67
2022-08,19975.94
2022-08,20177.32
2022-08,19989.13
2022-08,20009.56
2022-08,20650.41
2022-08,21647.93
2022-08,21692.74
2022-08,21477.74
2022-08,21124.4
2022-08,21474.5
2022-08,20819.56
2022-08,21274.36
2022-08,23416.76
2022-08,23407.4
2022-08,23984.02
2022-08,24074.01
2022-08,24322.8
2022-08,24494.84
2022-08,24240.76
2022-08,24216.28
2022-08,23904.94
2022-08,23144.84
2022-08,24072.39
2022-08,23266.22
2022-08,23174.48
2022-08,22985.34
2022-08,22513.58
2022-08,23327.08
2022-08,23029.66
2022-08,23129.11
2022-07,23807.28
2022-07,23972.77
2022-07,23951.94
2022-07,24033.74
2022-07,22784.97
2022-07,20985.62
2022-07,22171.68
2022-07,22723.53
2022-07,22330.07
2022-07,22605.38
2022-07,23123.88
2022-07,23258.12
2022-07,23304.71
2022-07,21487.97
2022-07,20930.58
2022-07,21204.61
2022-07,20926.53
2022-07,20667.93
2022-07,19657.01
2022-07,19443.28
2022-07,20409.54
2022-07,20972.87
2022-07,21672.98
2022-07,21846.53
2022-07,21610.58
2022-07,20380
2022-07,20441.63
2022-07,19755.85
2022-07,19420.48
2022-07,19238.99
2022-07,19406.69
2022-06,18731.3
2022-06,20197.75
2022-06,20247.7
2022-06,20898.65
2022-06,21392.35
2022-06,21214.51
2022-06,21183.82
2022-06,20795.38
2022-06,19857.05
2022-06,20838.45
2022-06,20427.23
2022-06,20607.54
2022-06,17785.09
2022-06,20630.54
2022-06,20677.24
2022-06,21640.29
2022-06,21966.38
2022-06,23209.61
2022-06,27345.79
2022-06,28380.38
2022-06,29177.39
2022-06,30161.34
2022-06,30179.77
2022-06,31330.81
2022-06,31438.72
2022-06,29925.66
2022-06,29733.76
2022-06,29640.5
2022-06,30225.18
2022-06,29621.61
2022-05,31788.28
2022-05,31257.74
2022-05,29160.07
2022-05,28999.04
2022-05,28728.9
2022-05,29437.55
2022-05,29764.46
2022-05,29438.3
2022-05,29314.55
2022-05,29907.98
2022-05,29391.93
2022-05,29117.13
2022-05,30231.08
2022-05,29205.89
2022-05,30077.8
2022-05,29908.75
2022-05,31019.19
2022-05,29341.75
2022-05,29760.13
2022-05,28546.25
2022-05,28402.78
2022-05,31000.83
2022-05,30959.3
2022-05,34225.04
2022-05,35768.23
2022-05,36077.29
2022-05,36456.02
2022-05,39800.33
2022-05,37784.82
2022-05,38312.41
2022-05,38320.24
2022-04,38334.7
2022-04,38560.04
2022-04,39889.27
2022-04,39106.93
2022-04,38123.52
2022-04,40186.18
2022-04,39515.9
2022-04,39808.74
2022-04,39621.31
2022-04,40615.45
2022-04,41430.79
2022-04,41297.9
2022-04,40673.67
2022-04,40273.09
2022-04,40294.88
2022-04,40404.52
2022-04,39915.93
2022-04,41254.52
2022-04,39534.08
2022-04,39846.47
2022-04,43125.15
2022-04,42447.77
2022-04,42815.77
2022-04,43577.22
2022-04,43885.38
2022-04,45868.99
2022-04,46311.76
2022-04,46387.63
2022-04,46196.63
2022-04,46168.58
2022-03,45767.58
2022-03,47277.24
2022-03,47486.26
2022-03,47967.56
2022-03,46111.06
2022-03,44590.9
2022-03,44577.76
2022-03,43895.65
2022-03,42368.58
2022-03,42606.24
2022-03,41136.88
2022-03,41308.02
2022-03,42219.42
2022-03,41755.9
2022-03,40724.56
2022-03,41258.79
2022-03,39441.9
2022-03,38725.24
2022-03,38687.43
2022-03,39102.38
2022-03,38860.7
2022-03,39329.95
2022-03,41893.74
2022-03,38506.43
2022-03,37839.36
2022-03,39030.04
2022-03,39380.38
2022-03,39393.7
2022-03,42096.97
2022-03,44090.72
2022-03,43900.24
2022-02,41654.97
2022-02,37435.48
2022-02,39480.74
2022-02,38994.5
2022-02,38414.95
2022-02,37543.5
2022-02,37893.47
2022-02,37076.09
2022-02,38252.4
2022-02,39942.63
2022-02,39991.9
2022-02,40699.63
2022-02,44092.86
2022-02,43999.15
2022-02,42249.01
2022-02,42228.76
2022-02,41899.77
2022-02,42563.24
2022-02,43776.42
2022-02,44497.51
2022-02,44230.11
2022-02,44102.99
2022-02,41687.25
2022-02,41673.4
2022-02,40647.25
2022-02,36964.58
2022-02,36936.93
2022-02,38813.82
2022-01,38437.84
2022-01,37754.4
2022-01,38388.74
2022-01,37807.95
2022-01,36198.95
2022-01,36356.7
2022-01,36579.75
2022-01,36828.36
2022-01,35364.47
2022-01,35402.77
2022-01,36692.38
2022-01,41326.77
2022-01,41724.22
2022-01,42395.22
2022-01,41743.99
2022-01,42982.4
2022-01,43333.72
2022-01,43321.7
2022-01,42828.59
2022-01,43793.81
2022-01,42687.27
2022-01,41729.31
2022-01,42315.13
2022-01,41788.38
2022-01,41881.75
2022-01,43120.88
2022-01,43603.88
2022-01,46220.42
2022-01,45997.26
2022-01,47028.52
2022-01,47333.2
2021-12,46333.65
2021-12,47298.35
2021-12,47232.15
2021-12,47561.31
2021-12,50989.1
2021-12,50808.21
2021-12,50986.51
2021-12,50908.79
2021-12,50849.2
2021-12,49073.95
2021-12,49106.42
2021-12,46987.56
2021-12,46741.79
2021-12,46971.17
2021-12,46873.03
2021-12,48111.68
2021-12,49192.58
2021-12,48310.62
2021-12,46828.95
2021-12,49965.29
2021-12,48813.56
2021-12,47952.18
2021-12,47997.76
2021-12,50635.11
2021-12,50527.72
2021-12,50120.56
2021-12,49229.81
2021-12,48765.22
2021-12,53655.27
2021-12,56903.45
2021-12,57029.49
2021-11,57138.67
2021-11,58316.89
2021-11,56341.89
2021-11,54625.03
2021-11,54019.74
2021-11,58855.15
2021-11,57331.67
2021-11,57709.14
2021-11,56278.01
2021-11,59541.76
2021-11,59651.08
2021-11,57869.63
2021-11,57595.39
2021-11,60117.19
2021-11,60488.5
2021-11,63899.88
2021-11,64336.55
2021-11,64367.64
2021-11,64100.68
2021-11,65069.89
2021-11,64293.61
2021-11,67734.04
2021-11,66138.54
2021-11,62884.45
2021-11,61201.83
2021-11,60976.2
2021-11,61365.05
2021-11,62776.06
2021-11,63141.03
2021-11,60727.52
2021-10,60975.98
2021-10,61682.78
2021-10,62395.66
2021-10,61395.58
2021-10,58924.76
2021-10,62096.9
2021-10,62544.64
2021-10,61159.77
2021-10,61124.51
2021-10,60726.01
2021-10,62680.43
2021-10,65996.35
2021-10,64121.31
2021-10,61367.44
2021-10,59400.14
2021-10,61014.11
2021-10,62526.67
2021-10,57443.04
2021-10,56982.87
2021-10,55362.51
2021-10,57341.5
2021-10,55435.21
2021-10,54670.87
2021-10,53993.31
2021-10,54184.24
2021-10,54936.9
2021-10,51474.19
2021-10,49006.15
2021-10,48464.31
2021-10,48019.13
2021-10,48132.9
2021-09,43436.35
2021-09,41125.06
2021-09,41785.9
2021-09,42706.99
2021-09,43651.76
2021-09,42678.81
2021-09,42981.54
2021-09,44710.2
2021-09,43451.15
2021-09,40926.74
2021-09,43537.86
2021-09,47601.08
2021-09,47994.88
2021-09,46990.35
2021-09,47149.38
2021-09,47941.58
2021-09,46828.18
2021-09,45187.52
2021-09,45089.47
2021-09,45319.68
2021-09,45077.81
2021-09,46256.1
2021-09,46060.72
2021-09,46819.01
2021-09,51934.74
2021-09,51668.21
2021-09,50182.7
2021-09,50152.52
2021-09,49562.1
2021-09,48272.51
2021-08,47008.53
2021-08,48648.9
2021-08,48925.24
2021-08,48755.08
2021-08,48921.81
2021-08,47036.43
2021-08,48712.63
2021-08,48345.65
2021-08,49515.08
2021-08,48414.22
2021-08,49011.76
2021-08,48668.03
2021-08,46587.99
2021-08,44546.67
2021-08,44992.1
2021-08,46078.11
2021-08,46718.33
2021-08,46666.78
2021-08,47609.88
2021-08,44480.11
2021-08,46345.49
2021-08,45642.9
2021-08,45464.51
2021-08,43867.4
2021-08,43975.95
2021-08,42719.51
2021-08,40899.36
2021-08,39754.38
2021-08,38072.95
2021-08,38856.63
2021-08,41268.06
2021-07,41540.22
2021-07,40689.27
2021-07,39722.08
2021-07,39985.95
2021-07,38044.5
2021-07,37751.68
2021-07,34483.2
2021-07,33939.65
2021-07,32500.7
2021-07,32247.75
2021-07,31818.67
2021-07,29865.53
2021-07,30776.39
2021-07,31652.45
2021-07,31737.26
2021-07,31842.51
2021-07,31758.37
2021-07,32813.83
2021-07,32508.34
2021-07,32849.59
2021-07,33854.3
2021-07,33332.25
2021-07,33522.57
2021-07,32815.73
2021-07,34544.86
2021-07,33957.11
2021-07,33855.36
2021-07,35547.25
2021-07,34728.55
2021-07,33142.64
2021-07,33422
2021-06,34585
2021-06,36168.2
2021-06,34677.77
2021-06,32635.76
2021-06,31305.79
2021-06,32215.31
2021-06,34859.9
2021-06,33059.18
2021-06,32903.52
2021-06,32582.59
2021-06,35823.29
2021-06,36119.11
2021-06,35517.31
2021-06,37747.52
2021-06,38532.5
2021-06,39948.77
2021-06,39831.58
2021-06,39260.32
2021-06,36020.18
2021-06,37152.15
2021-06,36494.56
2021-06,36408.39
2021-06,33629.96
2021-06,34457.74
2021-06,35978.7
2021-06,35854.31
2021-06,37056.79
2021-06,38705.27
2021-06,37745.13
2021-06,36322.98
2021-05,36690.89
2021-05,36081.09
2021-05,34269.86
2021-05,35218.36
2021-05,38495.29
2021-05,38774.5
2021-05,37646.5
2021-05,39024.16
2021-05,33700.55
2021-05,38084.88
2021-05,35251.36
2021-05,40078.49
2021-05,38336.11
2021-05,43294.36
2021-05,44816.08
2021-05,44098.92
2021-05,48242.61
2021-05,49193.56
2021-05,49312.81
2021-05,54482.81
2021-05,56911.32
2021-05,55308.81
2021-05,57931.38
2021-05,59004.37
2021-05,57684.39
2021-05,55955.47
2021-05,56895.44
2021-05,54770.39
2021-05,56811.66
2021-05,57042.24
2021-05,57725.77
2021-04,56814.44
2021-04,52990.9
2021-04,54438.68
2021-04,55192.62
2021-04,53262.87
2021-04,48122.24
2021-04,50984.81
2021-04,50567.72
2021-04,51593.44
2021-04,54996.31
2021-04,56800.5
2021-04,56210.89
2021-04,56291.89
2021-04,60870.13
2021-04,62005.42
2021-04,63410.29
2021-04,62384.19
2021-04,63193.56
2021-04,59977.92
2021-04,59674.92
2021-04,58568.57
2021-04,58333.6
2021-04,57679.16
2021-04,56227.64
2021-04,58243.87
2021-04,58799.14
2021-04,58044.39
2021-04,58064.8
2021-04,58674.76
2021-04,58859.78
2021-03,58960.2
2021-03,58673.67
2021-03,57234.35
2021-03,54845.71
2021-03,55887.89
2021-03,54002.49
2021-03,52001.01
2021-03,54050.57
2021-03,54447.56
2021-03,54554.83
2021-03,57813.39
2021-03,58541.76
2021-03,58410.01
2021-03,57501.51
2021-03,57751.66
2021-03,56388.15
2021-03,56414.61
2021-03,60273.94
2021-03,61078.03
2021-03,56965.96
2021-03,57624.02
2021-03,56931.78
2021-03,54320.06
2021-03,51878.94
2021-03,50107.87
2021-03,48602.01
2021-03,49053.13
2021-03,47918.88
2021-03,50952.74
2021-03,47451.1
2021-03,48856.4
2021-02,45248.24
2021-02,46864.06
2021-02,45672.06
2021-02,48083.51
2021-02,48758.53
2021-02,47962.92
2021-02,54938.64
2021-02,57355.29
2021-02,56537.03
2021-02,55629.08
2021-02,52037.53
2021-02,52400.42
2021-02,48585.51
2021-02,48203.45
2021-02,48865.24
2021-02,47177.95
2021-02,47947.17
2021-02,46931.97
2021-02,45039.51
2021-02,47335.77
2021-02,44691.74
2021-02,38590.04
2021-02,40093.11
2021-02,37858.84
2021-02,37681.13
2021-02,37294.95
2021-02,35687.9
2021-02,33664.82
2021-01,32601.26
2021-01,34694.89
2021-01,34641.09
2021-01,33248.02
2021-01,31005.85
2021-01,32017.04
2021-01,32701.29
2021-01,31932.47
2021-01,32366.47
2021-01,33322.33
2021-01,31217
2021-01,34913.07
2021-01,36489.64
2021-01,36234.13
2021-01,36533.95
2021-01,35935.02
2021-01,36261.52
2021-01,38765.5
2021-01,37283.48
2021-01,34712.73
2021-01,33964.38
2021-01,38048.82
2021-01,40858.59
2021-01,40040.7
2021-01,39733
2021-01,35939.27
2021-01,33792.24
2021-01,31037.38
2021-01,33591.73
2021-01,31702.36
2021-01,29250.59
2020-12,28996.28
2020-12,28904.39
2020-12,26895.14
2020-12,26599.22
2020-12,26385.71
2020-12,26670.1
2020-12,24411.43
2020-12,23405.27
2020-12,23297.72
2020-12,23437.95
2020-12,23142.45
2020-12,23385.77
2020-12,23992.92
2020-12,22901.2
2020-12,22779.13
2020-12,21206.36
2020-12,19424.24
2020-12,19199.17
2020-12,19178.3
2020-12,18800.18
2020-12,18101.38
2020-12,18349.98
2020-12,18520.56
2020-12,18773.5
2020-12,19084.67
2020-12,19248.35
2020-12,19020.64
2020-12,18825.45
2020-12,19462.14
2020-12,19156.67
2020-12,19055.69
2020-11,19378.61
2020-11,18270.66
2020-11,17763.11
2020-11,17005.85
2020-11,17055.5
2020-11,18880.69
2020-11,18944.86
2020-11,18422.02
2020-11,18597.77
2020-11,18670.93
2020-11,18589.49
2020-11,17946.04
2020-11,17786.57
2020-11,17639.21
2020-11,16704.72
2020-11,15857.79
2020-11,16008.29
2020-11,16294.47
2020-11,16159.74
2020-11,15831.57
2020-11,15389.01
2020-11,15387.48
2020-11,15342.02
2020-11,14837
2020-11,15553.32
2020-11,15243.85
2020-11,14008.75
2020-11,13741.48
2020-11,13619.76
2020-11,13823.15
2020-10,13850.1
2020-10,13639.46
2020-10,13486.71
2020-10,13213.48
2020-10,13620.54
2020-10,13019.83
2020-10,13036.88
2020-10,13113.04
2020-10,12942.9
2020-10,13124.02
2020-10,12855.5
2020-10,11904.78
2020-10,11735.13
2020-10,11445.83
2020-10,11354.91
2020-10,11319.41
2020-10,11545.26
2020-10,11393.36
2020-10,11434.88
2020-10,11568.4
2020-10,11332.36
2020-10,11367.8
2020-10,11041.96
2020-10,10898.05
2020-10,10661.08
2020-10,10549.5
2020-10,10741.28
2020-10,10650.02
2020-10,10572.62
2020-10,10547.65
2020-10,10606.06
2020-09,10706.95
2020-09,10756.95
2020-09,10871.25
2020-09,10725.25
2020-09,10720.88
2020-09,10717.46
2020-09,10631.74
2020-09,10224.14
2020-09,10516.06
2020-09,10479.79
2020-09,10858
2020-09,11093.84
2020-09,10890.68
2020-09,10937.41
2020-09,10998.05
2020-09,10867.34
2020-09,10694.29
2020-09,10318.18
2020-09,10441.8
2020-09,10329.82
2020-09,10307.29
2020-09,10259.62
2020-09,10016.81
2020-09,10154.11
2020-09,10236.79
2020-09,10086.94
2020-09,10606.46
2020-09,10785.86
2020-09,11375.47
2020-09,12022.35
2020-08,11678.6
2020-08,11640.79
2020-08,11518.05
2020-08,11502.58
2020-08,11267.05
2020-08,11513.5
2020-08,11265.47
2020-08,11731.2
2020-08,11669.22
2020-08,11608.04
2020-08,11621.41
2020-08,11863.08
2020-08,11715.31
2020-08,12030.11
2020-08,12327.23
2020-08,11849.5
2020-08,11870.5
2020-08,11770.13
2020-08,11615.32
2020-08,11565.95
2020-08,11212.89
2020-08,11859.27
2020-08,11679.9
2020-08,11716.3
2020-08,11575.83
2020-08,11851.58
2020-08,11692.68
2020-08,11214.45
2020-08,11383.53
2020-08,11090.63
2020-08,11847.66
2020-07,11345.63
2020-07,11150.47
2020-07,11222.15
2020-07,10981.18
2020-07,10891.81
2020-07,9895.63
2020-07,9729.45
2020-07,9629.62
2020-07,9593.77
2020-07,9377.3
2020-07,9376.53
2020-07,9175.47
2020-07,9171.94
2020-07,9179.26
2020-07,9157.69
2020-07,9103.61
2020-07,9213.7
2020-07,9272.83
2020-07,9249.8
2020-07,9232.34
2020-07,9217.05
2020-07,9235.1
2020-07,9237.04
2020-07,9430.25
2020-07,9254.79
2020-07,9277.06
2020-07,9013.96
2020-07,9131.21
2020-07,9092.7
2020-07,9082.38
2020-07,9239.05
2020-06,9147.09
2020-06,9180.36
2020-06,9109.76
2020-06,8946.51
2020-06,9190.26
2020-06,9275.81
2020-06,9288.58
2020-06,9629.89
2020-06,9645.06
2020-06,9310.9
2020-06,9318.47
2020-06,9315.35
2020-06,9343.09
2020-06,9374.04
2020-06,9494.7
2020-06,9481.06
2020-06,9382.05
2020-06,9403.53
2020-06,9463.3
2020-06,9340.86
2020-06,9867.63
2020-06,9749.6
2020-06,9702.87
2020-06,9732.43
2020-06,9706
2020-06,9712.33
2020-06,9783.87
2020-06,9583.65
2020-06,9522.85
2020-06,9680.19
2020-05,9505.38
2020-05,9440.21
2020-05,9415.96
2020-05,9446.84
2020-05,9163.42
2020-05,8859.07
2020-05,8914.38
2020-05,9001.5
2020-05,9235.17
2020-05,9181
2020-05,9056.92
2020-05,9588.55
2020-05,9690.24
2020-05,9677.73
2020-05,9738.8
2020-05,9381.42
2020-05,9241.91
2020-05,9656.61
2020-05,9300.04
2020-05,8824.98
2020-05,8636.21
2020-05,8675.29
2020-05,9649.88
2020-05,9998.9
2020-05,9801.31
2020-05,9250.9
2020-05,8951.51
2020-05,8921.68
2020-05,8848.36
2020-05,8934.5
2020-05,8734.2
2020-04,8826.56
2020-04,8933.48
2020-04,7736.85
2020-04,7708.12
2020-04,7651.93
2020-04,7553.5
2020-04,7533.88
2020-04,7541.59
2020-04,7119.34
2020-04,6894.6
2020-04,6868.11
2020-04,7150.37
2020-04,7233.21
2020-04,7060.14
2020-04,7060.08
2020-04,6752.45
2020-04,6873.41
2020-04,6828.62
2020-04,7122.4
2020-04,6796.91
2020-04,6920.1
2020-04,7306.08
2020-04,7325.08
2020-04,7118.23
2020-04,7231.12
2020-04,6761.43
2020-04,6843.81
2020-04,6703.55
2020-04,6749.37
2020-04,6351.21
2020-03,6481.37
2020-03,6477.56
2020-03,5949.89
2020-03,6258.91
2020-03,6683.67
2020-03,6744.69
2020-03,6598.56
2020-03,6752.28
2020-03,6414.54
2020-03,5937.7
2020-03,6336.94
2020-03,5971.92
2020-03,6254.32
2020-03,5338.27
2020-03,5469.8
2020-03,4904.48
2020-03,5177.49
2020-03,5334.27
2020-03,5434.09
2020-03,5725.35
2020-03,7863.14
2020-03,7999.1
2020-03,7861.2
2020-03,8079.07
2020-03,8892.79
2020-03,9138.35
2020-03,9115.82
2020-03,8732.24
2020-03,8738.3
2020-03,8945.93
2020-03,8512.54
2020-02,8633.36
2020-02,8671.27
2020-02,8757.31
2020-02,8747.24
2020-02,9383.9
2020-02,9606.78
2020-02,9885.42
2020-02,9697.32
2020-02,9674.01
2020-02,9610.56
2020-02,9612.05
2020-02,10154.96
2020-02,9646.95
2020-02,9773.09
2020-02,9924.7
2020-02,10344.55
2020-02,10180.13
2020-02,10389.08
2020-02,10236.53
2020-02,9866.28
2020-02,10077.63
2020-02,9925.58
2020-02,9744.46
2020-02,9737.36
2020-02,9687.28
2020-02,9139.77
2020-02,9274.19
2020-02,9443.43
2020-02,9358.74
2020-01,9354.29
2020-01,9552.18
2020-01,9354.7
2020-01,9042.56
2020-01,8945.5
2020-01,8583.18
2020-01,8370.63
2020-01,8406.05
2020-01,8382.87
2020-01,8640.65
2020-01,8721.88
2020-01,8671.68
2020-01,8718.75
2020-01,8914.28
2020-01,8906.32
2020-01,8678.8
2020-01,8821.69
2020-01,8736.16
2020-01,8131.06
2020-01,8099.1
2020-01,8101.99
2020-01,8043.69
2020-01,7786.84
2020-01,8004.26
2020-01,8021.36
2020-01,7575.93
2020-01,7363.55
2020-01,7269.82
2020-01,6960.58
2020-01,7216.21
2019-12,7158.27
2019-12,7243.35
2019-12,7388.48
2019-12,7219.5
2019-12,7189.08
2019-12,7211.27
2019-12,7246.81
2019-12,7319.77
2019-12,7407.05
2019-12,7198.73
2019-12,7157.05
2019-12,7131.58
2019-12,6616.45
2019-12,6876.58
2019-12,7120.76
2019-12,7240.62
2019-12,7200.62
2019-12,7191.95
2019-12,7222.09
2019-12,7356.78
2019-12,7546.9
2019-12,7469.48
2019-12,7379.66
2019-12,7187.39
2019-12,7329.85
2019-12,7319.36
2019-12,7381.45
2019-11,7710.34
2019-11,7564.94
2019-11,7550.08
2019-11,7113.51
2019-11,7214.3
2019-11,7050
2019-11,7343.85
2019-11,7598.7
2019-11,8087.79
2019-11,8108.09
2019-11,8218.67
2019-11,8555.38
2019-11,8453.89
2019-11,8651.15
2019-11,8753.01
2019-11,8764.95
2019-11,8736.17
2019-11,9042.05
2019-11,8866.55
2019-11,9209.87
2019-11,9314.92
2019-11,9357.06
2019-11,9443.36
2019-11,9157.7
2019-11,9212.68
2019-10,9189.42
2019-10,9184.99
2019-10,9446.04
2019-10,9456.3
2019-10,9623.68
2019-10,8574.4
2019-10,7456.59
2019-10,7491.38
2019-10,8125.1
2019-10,8207.68
2019-10,8226.5
2019-10,7947.7
2019-10,8046.49
2019-10,7988.24
2019-10,8144.33
2019-10,8343.42
2019-10,8263.34
2019-10,8342.93
2019-10,8580.86
2019-10,8590.16
2019-10,8130.26
2019-10,8218.03
2019-10,7908.65
2019-10,8170.58
2019-10,8161.33
2019-10,8235.09
2019-10,8380.24
2019-09,8240.9
2019-09,8013.75
2019-09,8060.97
2019-09,8094.12
2019-09,8511.8
2019-09,8582
2019-09,9765.49
2019-09,10008.8
2019-09,10135.94
2019-09,10258.85
2019-09,10196.93
2019-09,10250.3
2019-09,10215.87
2019-09,10275.78
2019-09,10270.67
2019-09,10331.07
2019-09,10099.08
2019-09,10052.99
2019-09,10237.89
2019-09,10366.7
2019-09,10356.88
2019-09,10518.1
2019-09,10626.01
2019-09,10712.47
2019-09,10408.87
2019-09,9638.82
2019-08,9626.18
2019-08,9526.03
2019-08,9669.45
2019-08,10143.08
2019-08,10265.73
2019-08,9998.22
2019-08,10361.52
2019-08,10182.76
2019-08,10155.19
2019-08,10706.71
2019-08,10678.85
2019-08,10363.71
2019-08,10395.4
2019-08,10372.72
2019-08,10171.6
2019-08,10882.13
2019-08,11418.31
2019-08,11409.65
2019-08,11864.63
2019-08,11595.78
2019-08,11863.77
2019-08,11643.41
2019-08,11723.69
2019-08,10945.5
2019-08,10399.38
2019-08,10411.97
2019-07,10026.61
2019-07,9541.65
2019-07,9516.61
2019-07,9512.33
2019-07,9834.23
2019-07,9874.05
2019-07,9671.71
2019-07,10147.93
2019-07,10322.33
2019-07,10504.08
2019-07,10529.52
2019-07,10616.88
2019-07,9686.99
2019-07,9595.05
2019-07,10821.99
2019-07,10641.23
2019-07,11907.36
2019-07,11146.07
2019-07,11778.8
2019-07,12401.88
2019-07,12207.1
2019-07,11507.39
2019-07,11034
2019-07,11721.74
2019-07,11378.23
2019-07,10714.88
2019-07,10481.86
2019-06,11392.98
2019-06,12212.7
2019-06,10686.14
2019-06,12733.71
2019-06,11366.24
2019-06,10856.69
2019-06,11028.76
2019-06,9939.81
2019-06,9562.66
2019-06,9167.27
2019-06,9125.34
2019-06,9273.06
2019-06,8932.64
2019-06,8452.83
2019-06,8261.05
2019-06,8120.45
2019-06,7926.36
2019-06,7943.46
2019-06,7718.88
2019-06,7898.63
2019-06,7690.61
2019-06,7732.88
2019-06,7651.38
2019-06,8556.11
2019-06,8687.43
2019-05,8503.38
2019-05,8463.48
2019-05,8646.35
2019-05,8687.79
2019-05,8754.64
2019-05,8582.04
2019-05,8112.36
2019-05,7878.46
2019-05,7832.46
2019-05,8086.18
2019-05,8006.98
2019-05,8027.46
2019-05,7106.31
2019-05,7676.51
2019-05,8171.07
2019-05,7719.93
2019-05,7864.38
2019-05,7172.67
2019-05,6291.33
2019-05,6080.72
2019-05,5900.67
2019-05,5844.63
2019-05,5693.95
2019-05,5767.57
2019-05,5689.05
2019-05,5405.46
2019-05,5307.8
2019-04,5237.87
2019-04,5129.68
2019-04,5129.43
2019-04,5097.52
2019-04,5495.18
2019-04,5435.81
2019-04,5580.07
2019-04,5365.89
2019-04,5239.36
2019-04,5269.97
2019-04,5308.57
2019-04,5221.26
2019-04,5185.02
2019-04,5021.53
2019-04,5089.29
2019-04,5042.54
2019-04,5054.03
2019-04,5302.92
2019-04,5220.08
2019-04,5252.89
2019-04,5142.94
2019-04,4999.01
2019-04,4847.05
2019-04,5296
2019-04,4802.47
2019-04,4126.69
2019-03,4092.97
2019-03,4072.16
2019-03,4010.76
2019-03,4008.98
2019-03,3912.6
2019-03,3887.56
2019-03,3958.02
2019-03,3977.74
2019-03,3973.24
2019-03,4009.47
2019-03,3991.47
2019-03,3971.19
2019-03,3975.48
2019-03,3897.41
2019-03,3851.57
2019-03,3852.32
2019-03,3865.41
2019-03,3847.91
2019-03,3896.7
2019-03,3868.84
2019-03,3871.42
2019-03,3845.71
2019-03,3833.97
2019-03,3699.76
2019-03,3788.98
2019-03,3828.22
2019-02,3802.53
2019-02,3749.38
2019-02,3790.19
2019-02,3805.67
2019-02,3787.61
2019-02,3941.75
2019-02,3897.72
2019-02,3912.98
2019-02,3887.89
2019-02,3852.25
2019-02,3585.56
2019-02,3564.79
2019-02,3570.02
2019-02,3571.42
2019-02,3576.31
2019-02,3591.59
2019-02,3605.5
2019-02,3594.91
2019-02,3358.91
2019-02,3366.32
2019-02,3422.6
2019-02,3417.03
2019-02,3395.68
2019-02,3448.51
2019-01,3417.04
2019-01,3432.64
2019-01,3401.14
2019-01,3417.04
2019-01,3541.27
2019-01,3558.51
2019-01,3570.93
2019-01,3544.51
2019-01,3574.52
2019-01,3521.04
2019-01,3538.45
2019-01,3612.39
2019-01,3624.82
2019-01,3603.49
2019-01,3568.48
2019-01,3663.59
2019-01,3516.03
2019-01,3649.22
2019-01,3630.86
2019-01,4003.99
2019-01,4000.42
2019-01,4005.34
2019-01,4031.29
2019-01,3833.53
2019-01,3794.92
2019-01,3884.98
2019-01,3720.6
2018-12,3674.18
2018-12,3821.31
2018-12,3892.14
2018-12,3585.43
2018-12,3775.48
2018-12,3789.31
2018-12,4063.94
2018-12,3949.83
2018-12,3848.6
2018-12,3993.58
2018-12,3668.85
2018-12,3535.18
2018-12,3493.65
2018-12,3203.6
2018-12,3156.89
2018-12,3254.81
2018-12,3440.18
2018-12,3373.78
2018-12,3400.92
2018-12,3526.26
2018-12,3388.91
2018-12,3596.41
2018-12,3723.53
2018-12,3898.03
2018-12,3870.97
2018-12,4148.09
2018-11,3930.38
2018-11,4183.59
2018-11,4221.02
2018-11,3767.37
2018-11,3663.84
2018-11,4048.03
2018-11,4260.57
2018-11,4427.83
2018-11,4450.42
2018-11,4337.68
2018-11,4785.55
2018-11,5543.73
2018-11,5451.72
2018-11,5469.65
2018-11,5551.06
2018-11,6280.74
2018-11,6309.96
2018-11,6314.2
2018-11,6326.2
2018-11,6419.5
2018-11,6501.65
2018-11,6420.95
2018-11,6400.96
2018-11,6413.12
2018-11,6351.1
2018-11,6335.36
2018-10,6302.4
2018-10,6265.27
2018-10,6243.46
2018-10,6395.61
2018-10,6401.99
2018-10,6400.44
2018-10,6425.61
2018-10,6390.78
2018-10,6413.52
2018-10,6438.3
2018-10,6384.37
2018-10,6392.22
2018-10,6437.85
2018-10,6460.39
2018-10,6390.7
2018-10,6217.26
2018-10,6214.23
2018-10,6204.33
2018-10,6534.38
2018-10,6579.83
2018-10,6623.01
2018-10,6532.65
2018-10,6539.04
2018-10,6546.01
2018-10,6438.41
2018-10,6524.3
2018-10,6550.06
2018-09,6561.3
2018-09,6643.42
2018-09,6694.08
2018-09,6497.72
2018-09,6386.6
2018-09,6626.29
2018-09,6676.59
2018-09,6708.69
2018-09,6377.21
2018-09,6423.81
2018-09,6317.7
2018-09,6216.01
2018-09,6500.09
2018-09,6535.01
2018-09,6467.47
2018-09,6305.47
2018-09,6253.25
2018-09,6301.63
2018-09,6386.93
2018-09,6446.93
2018-09,6440.22
2018-09,6949.01
2018-09,7361.57
2018-09,7298.59
2018-09,7280.88
2018-08,7044.6
2018-08,6916.68
2018-08,7042.05
2018-08,7083.46
2018-08,6719.04
2018-08,6678.58
2018-08,6611.44
2018-08,6418.67
2018-08,6331.13
2018-08,6451.86
2018-08,6455.22
2018-08,6536.55
2018-08,6480.85
2018-08,6255.1
2018-08,6374.87
2018-08,6074.26
2018-08,6277.69
2018-08,6339.47
2018-08,6191.24
2018-08,6507.67
2018-08,6316.9
2018-08,6877.76
2018-08,6919.84
2018-08,7049.57
2018-08,7388.58
2018-08,7546.53
2018-08,7482.23
2018-07,7689.43
2018-07,8146.16
2018-07,8193.47
2018-07,8225.12
2018-07,8138.47
2018-07,8176.35
2018-07,8227.05
2018-07,7702.88
2018-07,7523.48
2018-07,7351.07
2018-07,7418.83
2018-07,7336.6
2018-07,7314
2018-07,6661.85
2018-07,6372.23
2018-07,6185.23
2018-07,6172.95
2018-07,6354.19
2018-07,6387.83
2018-07,6695.86
2018-07,6743
2018-07,6570.76
2018-07,6507.68
2018-07,6686.23
2018-07,6613.86
2018-07,6620.01
2018-07,6348.59
2018-06,5899.64
2018-06,6044.92
2018-06,6124.96
2018-06,6181.64
2018-06,6250.81
2018-06,6189.28
2018-06,6070.19
2018-06,6719.47
2018-06,6748.89
2018-06,6695.44
2018-06,6727.55
2018-06,6491
2018-06,6497.97
2018-06,6658.78
2018-06,6260.96
2018-06,6531.39
2018-06,6760.89
2018-06,6710.06
2018-06,7646.28
2018-06,7660.06
2018-06,7619.32
2018-06,7629.53
2018-06,7525.77
2018-06,7724.98
2018-06,7437.74
2018-05,7538.28
2018-05,7337.26
2018-05,7501.54
2018-05,7214.8
2018-05,7314.74
2018-05,7448.08
2018-05,7552.45
2018-05,7590
2018-05,8108.52
2018-05,8406.89
2018-05,8554.55
2018-05,8229.58
2018-05,8204.05
2018-05,8291.23
2018-05,8518.76
2018-05,8811.66
2018-05,8714.52
2018-05,8432.01
2018-05,9092.67
2018-05,9248.19
2018-05,9160.97
2018-05,9437.62
2018-05,9514.36
2018-05,9683.54
2018-05,9652.04
2018-05,9175.76
2018-05,9015.73
2018-04,9272.7
2018-04,9295.78
2018-04,8977.07
2018-04,9118.96
2018-04,9073.19
2018-04,9449.88
2018-04,8932.25
2018-04,8893.04
2018-04,8524.52
2018-04,8233.85
2018-04,8187.53
2018-04,7914.7
2018-04,7986.06
2018-04,8287.52
2018-04,7903.91
2018-04,7730.47
2018-04,6891.03
2018-04,6839.62
2018-04,6662.14
2018-04,6955.33
2018-04,6604.48
2018-04,6749.55
2018-04,6830.76
2018-04,7401.4
2018-04,6937.38
2018-04,6890.64
2018-03,6852.51
2018-03,7098.14
2018-03,7906.96
2018-03,7990.87
2018-03,7888.84
2018-03,8605.14
2018-03,8616.25
2018-03,8598.85
2018-03,8895.59
2018-03,8920.33
2018-03,8427.2
2018-03,7655.03
2018-03,8524.17
2018-03,8251.71
2018-03,8304.32
2018-03,9062.92
2018-03,9017.65
2018-03,9613.95
2018-03,9004.84
2018-03,9330.23
2018-03,9939.53
2018-03,10790.35
2018-03,11555.99
2018-03,11400.19
2018-03,11029.95
2018-03,10933.75
2018-02,10538.02
2018-02,10755.9
2018-02,10380.3
2018-02,9596.64
2018-02,9920.01
2018-02,9915.69
2018-02,10286.84
2018-02,11705.73
2018-02,11081.41
2018-02,10784.81
2018-02,10088.2
2018-02,9873.45
2018-02,9287.96
2018-02,8557.91
2018-02,8831.25
2018-02,8315.1
2018-02,8552.65
2018-02,8171.19
2018-02,8087.51
2018-02,7764.6
2018-02,7100.87
2018-02,8077.39
2018-02,8570
2018-02,9094.2
2018-01,9962.31
2018-01,10086.8
2018-01,11207
2018-01,11755.16
2018-01,10874.79
2018-01,11256.52
2018-01,11213.37
2018-01,10981.05
2018-01,10354
2018-01,11366.62
2018-01,11366.61
2018-01,11605.5
2018-01,11376.69
2018-01,10720
2018-01,13916.82
2018-01,13383.28
2018-01,13746.58
2018-01,13462.98
2018-01,14494.74
2018-01,14554.08
2018-01,14935.7
2018-01,16200
2018-01,16753.24
2018-01,14946.35
2018-01,15055.23
2018-01,14784.6
